{"cameraMode":{"drawMode":0,"name":"Shaded","section":"Shading Mode"},"sceneLighting":true,"audioPlay":false,"sceneViewState":{"m_AlwaysRefresh":false,"showFog":true,"showSkybox":true,"showFlares":true,"showImageEffects":true,"showParticleSystems":true,"showVisualEffectGraphs":true,"m_FxEnabled":false},"in2DMode":false,"pivot":{"x":12.01966381072998,"y":3.060455799102783,"z":-1.350000023841858},"rotation":{"x":-0.1244853213429451,"y":0.0035695305559784176,"z":-0.000447676342446357,"w":-0.992216944694519},"size":0.8048642873764038,"orthographic":false}